"Date","Open"
2010-03-01,29.3928
2010-03-02,29.99
2010-03-03,29.8486
2010-03-04,29.8971
2010-03-05,30.7057
2010-03-06,30.7057
2010-03-07,30.7057
2010-03-08,31.43
2010-03-09,31.1871
2010-03-10,31.9757
2010-03-11,31.9871
2010-03-12,32.4814
2010-03-13,32.4814
2010-03-14,32.4814
2010-03-15,32.1971
2010-03-16,32.0257
2010-03-17,32.1286
2010-03-18,32.0143
2010-03-19,32.1128
2010-03-20,32.1128
2010-03-21,32.1128
2010-03-22,31.4957
2010-03-23,32.2343
2010-03-24,32.52
2010-03-25,32.9886
2010-03-26,32.7071
2010-03-27,32.7071
2010-03-28,32.7071
2010-03-29,33.2857
2010-03-30,33.8004
2010-03-31,33.6414
2010-04-01,33.9271
2010-04-02,33.9271
2010-04-03,33.9271
2010-04-04,33.9271
2010-04-05,33.5678
2010-04-06,34.0286
2010-04-07,34.2457
2010-04-08,34.3486
2010-04-09,34.49
2010-04-10,34.49
2010-04-11,34.49
2010-04-12,34.6
2010-04-13,34.5514
2010-04-14,35.04
2010-04-15,35.1114
2010-04-16,35.51
2010-04-17,35.51
2010-04-18,35.51
2010-04-19,35.29
2010-04-20,35.5057
2010-04-21,36.9721
2010-04-22,36.8914
2010-04-23,38.2843
2010-04-24,38.2843
2010-04-25,38.2843
2010-04-26,38.84
2010-04-27,38.1814
2010-04-28,37.6071
2010-04-29,37.5743
2010-04-30,38.4728
2010-05-01,38.4728
2010-05-02,38.4728
2010-05-03,37.6914
2010-05-04,37.5557
2010-05-05,36.1471
2010-05-06,36.2614
2010-05-07,34.8157
2010-05-08,34.8157
2010-05-09,34.8157
2010-05-10,35.75
2010-05-11,35.9771
2010-05-12,37.035
2010-05-13,37.6028
2010-05-14,36.4521
2010-05-15,36.4521
2010-05-16,36.4521
2010-05-17,36.3857
2010-05-18,36.7114
2010-05-19,35.6428
2010-05-20,34.5543
2010-05-21,33.26
2010-05-22,33.26
2010-05-23,33.26
2010-05-24,35.3257
2010-05-25,34.1928
2010-05-26,35.7257
2010-05-27,35.8
2010-05-28,37.0554
2010-05-29,37.0554
2010-05-30,37.0554
2010-05-31,37.0554
2010-06-01,37.0986
2010-06-02,37.7914
2010-06-03,37.8828
2010-06-04,36.8871
2010-06-05,36.8871
2010-06-06,36.8871
2010-06-07,36.8986
2010-06-08,36.1771
2010-06-09,35.9243
2010-06-10,34.9771
2010-06-11,35.4607
2010-06-12,35.4607
2010-06-13,35.4607
2010-06-14,36.5657
2010-06-15,36.52
2010-06-16,37.3
2010-06-17,38.6571
2010-06-18,38.8928
2010-06-19,38.8928
2010-06-20,38.8928
2010-06-21,39.67
2010-06-22,38.88
2010-06-23,39.2257
2010-06-24,38.7143
2010-06-25,38.58
2010-06-26,38.58
2010-06-27,38.58
2010-06-28,38.1328
2010-06-29,37.7316
2010-06-30,36.6728
2010-07-01,36.3286
2010-07-02,35.7843
2010-07-03,35.7843
2010-07-04,35.7843
2010-07-05,35.7843
2010-07-06,35.8571
2010-07-07,35.7843
2010-07-08,37.4971
2010-07-09,36.6986
2010-07-10,36.6986
2010-07-11,36.6986
2010-07-12,36.9328
2010-07-13,36.6171
2010-07-14,35.6257
2010-07-15,35.4614
2010-07-16,36.1686
2010-07-17,36.1686
2010-07-18,36.1686
2010-07-19,35.6971
2010-07-20,34.7
2010-07-21,37.87
2010-07-22,36.8114
2010-07-23,36.7271
2010-07-24,36.7271
2010-07-25,36.7271
2010-07-26,37.1428
2010-07-27,37.2671
2010-07-28,37.6671
2010-07-29,37.2443
2010-07-30,36.5561
2010-07-31,36.5561
2010-08-01,36.5561
2010-08-02,37.2057
2010-08-03,37.2871
2010-08-04,37.5486
2010-08-05,37.39
2010-08-06,37.1114
2010-08-07,37.1114
2010-08-08,37.1114
2010-08-09,37.3543
2010-08-10,37.1214
2010-08-11,36.4857
2010-08-12,35.2414
2010-08-13,35.95
2010-08-14,35.95
2010-08-15,35.95
2010-08-16,35.3686
2010-08-17,35.7257
2010-08-18,36.0514
2010-08-19,36.12
2010-08-20,35.6271
2010-08-21,35.6271
2010-08-22,35.6271
2010-08-23,35.97
2010-08-24,34.6671
2010-08-25,34.0057
2010-08-26,35.0643
2010-08-27,34.5357
2010-08-28,34.5357
2010-08-29,34.5357
2010-08-30,34.3943
2010-08-31,34.55
2010-09-01,35.3528
2010-09-02,35.8946
2010-09-03,36.4414
2010-09-04,36.4414
2010-09-05,36.4414
2010-09-06,36.4414
2010-09-07,36.6628
2010-09-08,37.1114
2010-09-09,37.8628
2010-09-10,37.5986
2010-09-11,37.5986
2010-09-12,37.5986
2010-09-13,37.9743
2010-09-14,38.03
2010-09-15,38.31
2010-09-16,38.6057
2010-09-17,39.67
2010-09-18,39.67
2010-09-19,39.67
2010-09-20,39.44
2010-09-21,40.5514
2010-09-22,40.3871
2010-09-23,40.9043
2010-09-24,41.7286
2010-09-25,41.7286
2010-09-26,41.7286
2010-09-27,41.9964
2010-09-28,41.6814
2010-09-29,41.0328
2010-09-30,41.2857
2010-10-01,40.878
2010-10-02,40.878
2010-10-03,40.878
2010-10-04,40.2286
2010-10-05,40.2857
2010-10-06,41.37
2010-10-07,41.4766
2010-10-08,41.6733
2010-10-09,41.6733
2010-10-10,41.6733
2010-10-11,42.1057
2010-10-12,42.2014
2010-10-13,42.8857
2010-10-14,43.0986
2010-10-15,43.92
2010-10-16,43.92
2010-10-17,43.92
2010-10-18,45.4957
2010-10-19,43.3428
2010-10-20,44.1428
2010-10-21,44.6228
2010-10-22,44.1528
2010-10-23,44.1528
2010-10-24,44.1528
2010-10-25,44.1557
2010-10-26,43.8386
2010-10-27,43.95
2010-10-28,43.9928
2010-10-29,43.4614
2010-10-30,43.4614
2010-10-31,43.4614
2010-11-01,43.1743
2010-11-02,43.8571
2010-11-03,44.4814
2010-11-04,45.0643
2010-11-05,45.4271
2010-11-06,45.4271
2010-11-07,45.4271
2010-11-08,45.3143
2010-11-09,45.8643
2010-11-10,45.2343
2010-11-11,45
2010-11-12,45.1428
2010-11-13,45.1428
2010-11-14,45.1428
2010-11-15,44.0657
2010-11-16,43.6743
2010-11-17,43.0286
2010-11-18,43.6
2010-11-19,43.9957
2010-11-20,43.9957
2010-11-21,43.9957
2010-11-22,43.8114
2010-11-23,44.35
2010-11-24,44.5714
2010-11-25,44.5714
2010-11-26,44.82
2010-11-27,44.82
2010-11-28,44.82
2010-11-29,45.0714
2010-11-30,44.7914
2010-12-01,45.0386
2010-12-02,45.3614
2010-12-03,45.2871
2010-12-04,45.2871
2010-12-05,45.2871
2010-12-06,45.52
2010-12-07,46.2571
2010-12-08,45.6614
2010-12-09,46.0188
2010-12-10,45.6643
2010-12-11,45.6643
2010-12-12,45.6643
2010-12-13,46.3386
2010-12-14,45.9614
2010-12-15,45.7143
2010-12-16,45.87
2010-12-17,45.9471
2010-12-18,45.9471
2010-12-19,45.9471
2010-12-20,45.9428
2010-12-21,46.1428
2010-12-22,46.3371
2010-12-23,46.4286
2010-12-24,46.4286
2010-12-25,46.4286
2010-12-26,46.4286
2010-12-27,46.1217
2010-12-28,46.5586
2010-12-29,46.6028
2010-12-30,46.4971
2010-12-31,46.1357
2011-01-01,46.1357
2011-01-02,46.1357
2011-01-03,46.52
2011-01-04,47.4914
2011-01-05,47.0786
2011-01-06,47.817
2011-01-07,47.7128
2011-01-08,47.7128
2011-01-09,47.7128
2011-01-10,48.4043
2011-01-11,49.2686
2011-01-12,49.0357
2011-01-13,49.3086
2011-01-14,49.4128
2011-01-15,49.4128
2011-01-16,49.4128
2011-01-17,49.4128
2011-01-18,47.0743
2011-01-19,49.7643
2011-01-20,48.0614
2011-01-21,47.6814
2011-01-22,47.6814
2011-01-23,47.6814
2011-01-24,46.6957
2011-01-25,48.0471
2011-01-26,48.9943
2011-01-27,49.1114
2011-01-28,49.1671
2011-01-29,49.1671
2011-01-30,49.1671
2011-01-31,47.9714
2011-02-01,48.7571
2011-02-02,49.2071
2011-02-03,49.1143
2011-02-04,49.0914
2011-02-05,49.0914
2011-02-06,49.0914
2011-02-07,49.6986
2011-02-08,50.5257
2011-02-09,50.7414
2011-02-10,51.0557
2011-02-11,50.6789
2011-02-12,50.6789
2011-02-13,50.6789
2011-02-14,50.97
2011-02-15,51.3128
2011-02-16,51.5428
2011-02-17,51.0357
2011-02-18,51.2443
2011-02-19,51.2443
2011-02-20,51.2443
2011-02-21,51.2443
2011-02-22,48.8786
2011-02-23,48.3957
2011-02-24,49.1457
2011-02-25,49.3228
2011-02-26,49.3228
2011-02-27,49.3228
2011-02-28,50.1771
2011-03-01,50.7814
2011-03-02,49.9943
2011-03-03,51.0271
2011-03-04,51.4386
2011-03-05,51.4386
2011-03-06,51.4386
2011-03-07,51.6286
2011-03-08,50.7014
2011-03-09,50.67
2011-03-10,49.8743
2011-03-11,49.3328
2011-03-12,49.3328
2011-03-13,49.3328
2011-03-14,50.4543
2011-03-15,48.8714
2011-03-16,48.8571
2011-03-17,48.1186
2011-03-18,48.1614
2011-03-19,48.1614
2011-03-20,48.1614
2011-03-21,47.9986
2011-03-22,48.9371
2011-03-23,48.4686
2011-03-24,48.8357
2011-03-25,49.7243
2011-03-26,49.7243
2011-03-27,49.7243
2011-03-28,50.45
2011-03-29,49.6657
2011-03-30,50.0914
2011-03-31,49.48
2011-04-01,50.1586
2011-04-02,50.1586
2011-04-03,50.1586
2011-04-04,49.1871
2011-04-05,48.1414
2011-04-06,48.7457
2011-04-07,48.3
2011-04-08,48.56
2011-04-09,48.56
2011-04-10,48.56
2011-04-11,47.7228
2011-04-12,47.2128
2011-04-13,47.86
2011-04-14,47.8286
2011-04-15,47.6143
2011-04-16,47.6143
2011-04-17,47.6143
2011-04-18,46.5857
2011-04-19,47.5857
2011-04-20,49.0728
2011-04-21,50.7143
2011-04-22,50.7143
2011-04-23,50.7143
2011-04-24,50.7143
2011-04-25,50.0486
2011-04-26,50.5171
2011-04-27,50.32
2011-04-28,49.4557
2011-04-29,49.54
2011-04-30,49.54
2011-05-01,49.54
2011-05-02,49.9628
2011-05-03,49.7128
2011-05-04,49.7514
2011-05-05,49.7714
2011-05-06,49.9557
2011-05-07,49.9557
2011-05-08,49.9557
2011-05-09,49.6943
2011-05-10,49.8414
2011-05-11,49.86
2011-05-12,49.4457
2011-05-13,49.38
2011-05-14,49.38
2011-05-15,49.38
2011-05-16,48.4571
2011-05-17,47.4286
2011-05-18,48.0671
2011-05-19,48.8686
2011-05-20,48.5086
2011-05-21,48.5086
2011-05-22,48.5086
2011-05-23,47.1386
2011-05-24,47.9286
2011-05-25,47.6328
2011-05-26,47.9957
2011-05-27,47.8286
2011-05-28,47.8286
2011-05-29,47.8286
2011-05-30,47.8286
2011-05-31,48.7286
2011-06-01,49.8386
2011-06-02,49.5
2011-06-03,49.0257
2011-06-04,49.0257
2011-06-05,49.0257
2011-06-06,49.3857
2011-06-07,48.31
2011-06-08,47.3971
2011-06-09,47.6071
2011-06-10,47.2214
2011-06-11,47.2214
2011-06-12,47.2214
2011-06-13,46.7428
2011-06-14,47.1428
2011-06-15,47.1071
2011-06-16,46.7
2011-06-17,46.9986
2011-06-18,46.9986
2011-06-19,46.9986
2011-06-20,45.3364
2011-06-21,45.24
2011-06-22,46.4514
2011-06-23,45.5628
2011-06-24,47.3386
2011-06-25,47.3386
2011-06-26,47.3386
2011-06-27,46.7986
2011-06-28,47.6643
2011-06-29,48.0057
2011-06-30,47.8143
2011-07-01,47.9928
2011-07-02,47.9928
2011-07-03,47.9928
2011-07-04,47.9928
2011-07-05,49
2011-07-06,49.85
2011-07-07,50.6671
2011-07-08,50.4771
2011-07-09,50.4771
2011-07-10,50.4771
2011-07-11,50.9057
2011-07-12,50.5043
2011-07-13,51.19
2011-07-14,51.5728
2011-07-15,51.5957
2011-07-16,51.5957
2011-07-17,51.5957
2011-07-18,52.2043
2011-07-19,54
2011-07-20,56.5886
2011-07-21,55.2786
2011-07-22,55.4743
2011-07-23,55.4743
2011-07-24,55.4743
2011-07-25,55.7643
2011-07-26,57.1428
2011-07-27,57.2271
2011-07-28,55.9457
2011-07-29,55.3771
2011-07-30,55.3771
2011-07-31,55.3771
2011-08-01,56.8257
2011-08-02,56.8071
2011-08-03,55.8543
2011-08-04,55.63
2011-08-05,54.3486
2011-08-06,54.3486
2011-08-07,54.3486
2011-08-08,51.67
2011-08-09,51.6143
2011-08-10,53.0214
2011-08-11,52.9314
2011-08-12,54.01
2011-08-13,54.01
2011-08-14,54.01
2011-08-15,54.2328
2011-08-16,54.5028
2011-08-17,54.6157
2011-08-18,52.9771
2011-08-19,51.7386
2011-08-20,51.7386
2011-08-21,51.7386
2011-08-22,52.0728
2011-08-23,51.4714
2011-08-24,53.3528
2011-08-25,52.1543
2011-08-26,53.0243
2011-08-27,53.0243
2011-08-28,53.0243
2011-08-29,55.4543
2011-08-30,55.4643
2011-08-31,55.7957
2011-09-01,55.1171
2011-09-02,53.5343
2011-09-03,53.5343
2011-09-04,53.5343
2011-09-05,53.5343
2011-09-06,52.4814
2011-09-07,55.08
2011-09-08,54.6286
2011-09-09,54.8471
2011-09-10,54.8471
2011-09-11,54.8471
2011-09-12,53.2857
2011-09-13,54.5914
2011-09-14,55.2886
2011-09-15,55.9186
2011-09-16,56.5057
2011-09-17,56.5057
2011-09-18,56.5057
2011-09-19,56.7143
2011-09-20,59.3214
2011-09-21,59.9486
2011-09-22,57.29
2011-09-23,57.1828
2011-09-24,57.1828
2011-09-25,57.1828
2011-09-26,57.1228
2011-09-27,58.39
2011-09-28,57.17
2011-09-29,57.4171
2011-09-30,55.3028
2011-10-01,55.3028
2011-10-02,55.3028
2011-10-03,54.3386
2011-10-04,53.51
2011-10-05,52.5514
2011-10-06,53.3328
2011-10-07,53.6828
2011-10-08,53.6828
2011-10-09,53.6828
2011-10-10,54.1557
2011-10-11,56.0814
2011-10-12,58.1914
2011-10-13,57.8543
2011-10-14,59.5471
2011-10-15,59.5471
2011-10-16,59.5471
2011-10-17,60.2486
2011-10-18,60.2514
2011-10-19,57.3357
2011-10-20,57.1428
2011-10-21,56.8714
2011-10-22,56.8714
2011-10-23,56.8714
2011-10-24,56.5971
2011-10-25,57.8614
2011-10-26,57.3943
2011-10-27,58.2228
2011-10-28,57.5714
2011-10-29,57.5714
2011-10-30,57.5714
2011-10-31,57.4886
2011-11-01,56.7728
2011-11-02,57.1557
2011-11-03,57.01
2011-11-04,57.4328
2011-11-05,57.4328
2011-11-06,57.4328
2011-11-07,57.13
2011-11-08,57.4586
2011-11-09,56.71
2011-11-10,56.7186
2011-11-11,55.23
2011-11-12,55.23
2011-11-13,55.23
2011-11-14,54.7886
2011-11-15,54.4
2011-11-16,55.6071
2011-11-17,54.8543
2011-11-18,54.1314
2011-11-19,54.1314
2011-11-20,54.1314
2011-11-21,52.9143
2011-11-22,53.0028
2011-11-23,53.5014
2011-11-24,53.5014
2011-11-25,52.6314
2011-11-26,52.6314
2011-11-27,52.6314
2011-11-28,53.1928
2011-11-29,53.6914
2011-11-30,54.47
2011-12-01,54.6486
2011-12-02,55.69
2011-12-03,55.69
2011-12-04,55.69
2011-12-05,56.2128
2011-12-06,56.0728
2011-12-07,55.7043
2011-12-08,55.9214
2011-12-09,56.1214
2011-12-10,56.1214
2011-12-11,56.1214
2011-12-12,55.9543
2011-12-13,56.1428
2011-12-14,55.2428
2011-12-15,54.7614
2011-12-16,54.3371
2011-12-17,54.3371
2011-12-18,54.3371
2011-12-19,54.6386
2011-12-20,55.3943
2011-12-21,56.67
2011-12-22,56.7143
2011-12-23,57.0986
2011-12-24,57.0986
2011-12-25,57.0986
2011-12-26,57.0986
2011-12-27,57.5857
2011-12-28,58.1271
2011-12-29,57.6286
2011-12-30,57.6443
2011-12-31,57.6443
2012-01-01,57.6443
2012-01-02,57.6443
2012-01-03,58.4857
2012-01-04,58.5714
2012-01-05,59.2786
2012-01-06,59.9671
2012-01-07,59.9671
2012-01-08,59.9671
2012-01-09,60.7857
2012-01-10,60.8443
2012-01-11,60.3828
2012-01-12,60.3257
2012-01-13,59.9571
2012-01-14,59.9571
2012-01-15,59.9571
2012-01-16,59.9571
2012-01-17,60.6
2012-01-18,60.9943
2012-01-19,61.45
2012-01-20,61.07
2012-01-21,61.07
2012-01-22,61.07
2012-01-23,60.3814
2012-01-24,60.7286
2012-01-25,64.92
2012-01-26,64.0514
2012-01-27,63.4771
2012-01-28,63.4771
2012-01-29,63.4771
2012-01-30,63.6728
2012-01-31,65.0843
2012-02-01,65.4871
2012-02-02,65.1286
2012-02-03,65.3286
2012-02-04,65.3286
2012-02-05,65.3286
2012-02-06,65.4828
2012-02-07,66.4643
2012-02-08,67.2143
2012-02-09,68.68
2012-02-10,70.1371
2012-02-11,70.1371
2012-02-12,70.1371
2012-02-13,71.3614
2012-02-14,72.0943
2012-02-15,73.4657
2012-02-16,70.2143
2012-02-17,71.8728
2012-02-18,71.8728
2012-02-19,71.8728
2012-02-20,71.8728
2012-02-21,72.4114
2012-02-22,73.2971
2012-02-23,73.5828
2012-02-24,74.2385
2012-02-25,74.2385
2012-02-26,74.2385
2012-02-27,74.4728
2012-02-28,75.4228
2012-02-29,77.3657
2012-03-01,78.31
2012-03-02,77.7485
2012-03-03,77.7485
2012-03-04,77.7485
2012-03-05,77.9171
2012-03-06,74.8085
2012-03-07,76.6857
2012-03-08,76.3843
2012-03-09,77.7443
2012-03-10,77.7443
2012-03-11,77.7443
2012-03-12,78.426
2012-03-13,79.6485
2012-03-14,82.5785
2012-03-15,85.6585
2012-03-16,83.5314
2012-03-17,83.5314
2012-03-18,83.5314
2012-03-19,85.4814
2012-03-20,85.6443
2012-03-21,86.1057
2012-03-22,85.3971
2012-03-23,85.7843
2012-03-24,85.7843
2012-03-25,85.7843
2012-03-26,85.6843
2012-03-27,86.5971
2012-03-28,88.34
2012-03-29,87.54
2012-03-30,86.9671
2012-03-31,86.9671
2012-04-01,86.9671
2012-04-02,85.9757
2012-04-03,89.6143
2012-04-04,89.1928
2012-04-05,89.5685
2012-04-06,89.5685
2012-04-07,89.5685
2012-04-08,89.5685
2012-04-09,89.4471
2012-04-10,91.4185
2012-04-11,90.8857
2012-04-12,89.2857
2012-04-13,89.1585
2012-04-14,89.1585
2012-04-15,89.1585
2012-04-16,87.1514
2012-04-17,82.7057
2012-04-18,87.6743
2012-04-19,85.7457
2012-04-20,84.4828
2012-04-21,84.4828
2012-04-22,84.4828
2012-04-23,81.5157
2012-04-24,80.3728
2012-04-25,87.9478
2012-04-26,87.7528
2012-04-27,86.4385
2012-04-28,86.4385
2012-04-29,86.4385
2012-04-30,85.4
2012-05-01,83.5571
2012-05-02,82.8914
2012-05-03,84.3571
2012-05-04,82.44
2012-05-05,82.44
2012-05-06,82.44
2012-05-07,80.2143
2012-05-08,81.3685
2012-05-09,80.5285
2012-05-10,82.0828
2012-05-11,80.7143
2012-05-12,80.7143
2012-05-13,80.7143
2012-05-14,80.3671
2012-05-15,80.2071
2012-05-16,79.15
2012-05-17,77.9014
2012-05-18,76.28
2012-05-19,76.28
2012-05-20,76.28
2012-05-21,76.3571
2012-05-22,81.3643
2012-05-23,79.6428
2012-05-24,82.2671
2012-05-25,80.6557
2012-05-26,80.6557
2012-05-27,80.6557
2012-05-28,80.6557
2012-05-29,81.5571
2012-05-30,81.3143
2012-05-31,82.9628
2012-06-01,81.3085
2012-06-02,81.3085
2012-06-03,81.3085
2012-06-04,80.2143
2012-06-05,80.1814
2012-06-06,81.11
2012-06-07,82.47
2012-06-08,81.6571
2012-06-09,81.6571
2012-06-10,81.6571
2012-06-11,83.96
2012-06-12,82.0657
2012-06-13,82.0743
2012-06-14,81.6057
2012-06-15,81.5714
2012-06-16,81.5714
2012-06-17,81.5714
2012-06-18,81.5657
2012-06-19,83.3428
2012-06-20,84.03
2012-06-21,83.6343
2012-06-22,82.72
2012-06-23,82.72
2012-06-24,82.72
2012-06-25,82.4714
2012-06-26,81.6185
2012-06-27,82.1428
2012-06-28,81.6671
2012-06-29,82.5714
2012-06-30,82.5714
2012-07-01,82.5714
2012-07-02,83.5328
2012-07-03,84.9828
2012-07-04,84.9828
2012-07-05,85.7943
2012-07-06,86.7271
2012-07-07,86.7271
2012-07-08,86.7271
2012-07-09,86.4714
2012-07-10,88.2814
2012-07-11,86.5885
2012-07-12,85.7485
2012-07-13,86.1357
2012-07-14,86.1357
2012-07-15,86.1357
2012-07-16,86.4457
2012-07-17,87.2557
2012-07-18,86.6557
2012-07-19,87.3257
2012-07-20,87.5757
2012-07-21,87.5757
2012-07-22,87.5757
2012-07-23,84.9143
2012-07-24,86.7685
2012-07-25,82.0657
2012-07-26,82.8228
2012-07-27,82.1443
2012-07-28,82.1443
2012-07-29,82.1443
2012-07-30,84.4171
2012-07-31,86.1757
2012-08-01,87.9864
2012-08-02,86.12
2012-08-03,87.6614
2012-08-04,87.6614
2012-08-05,87.6614
2012-08-06,88.1843
2012-08-07,88.9671
2012-08-08,88.4843
2012-08-09,88.2643
2012-08-10,88.3871
2012-08-11,88.3871
2012-08-12,88.3871
2012-08-13,89.0557
2012-08-14,90.2671
2012-08-15,90.1857
2012-08-16,90.1728
2012-08-17,91.4285
2012-08-18,91.4285
2012-08-19,91.4285
2012-08-20,92.8585
2012-08-21,95.8314
2012-08-22,93.4885
2012-08-23,95.1585
2012-08-24,94.2157
2012-08-25,94.2157
2012-08-26,94.2157
2012-08-27,97.1414
2012-08-28,96.4253
2012-08-29,96.4643
2012-08-30,95.8057
2012-08-31,95.3214
2012-09-01,95.3214
2012-09-02,95.3214
2012-09-03,95.3214
2012-09-04,95.1085
2012-09-05,96.51
2012-09-06,96.1671
2012-09-07,96.8643
2012-09-08,96.8643
2012-09-09,96.8643
2012-09-10,97.2071
2012-09-11,95.0157
2012-09-12,95.2643
2012-09-13,96.7671
2012-09-14,98.565
2012-09-15,98.565
2012-09-16,98.565
2012-09-17,99.9071
2012-09-18,99.9828
2012-09-19,100.0371
2012-09-20,99.88
2012-09-21,100.3443
2012-09-22,100.3443
2012-09-23,100.3443
2012-09-24,98.1228
2012-09-25,98.3228
2012-09-26,95.5343
2012-09-27,94.8985
2012-09-28,96.9643
2012-09-29,96.9643
2012-09-30,96.9643
2012-10-01,95.88
2012-10-02,94.5443
2012-10-03,94.98
2012-10-04,95.8928
2012-10-05,95.0285
2012-10-06,95.0285
2012-10-07,95.0285
2012-10-08,92.4114
2012-10-09,91.2357
2012-10-10,91.3914
2012-10-11,92.3571
2012-10-12,89.9371
2012-10-13,89.9371
2012-10-14,89.9371
2012-10-15,90.3357
2012-10-16,90.7671
2012-10-17,92.6957
2012-10-18,91.37
2012-10-19,90.15
2012-10-20,90.15
2012-10-21,90.15
2012-10-22,87.4885
2012-10-23,90.1428
2012-10-24,88.7771
2012-10-25,88.5714
2012-10-26,87.0614
2012-10-27,87.0614
2012-10-28,87.0614
2012-10-29,87.0614
2012-10-30,87.0614
2012-10-31,84.9828
2012-11-01,85.46
2012-11-02,85.1271
2012-11-03,85.1271
2012-11-04,85.1271
2012-11-05,83.3593
2012-11-06,84.3185
2012-11-07,81.9764
2012-11-08,80.09
2012-11-09,77.2028
2012-11-10,77.2028
2012-11-11,77.2028
2012-11-12,79.1643
2012-11-13,76.9871
2012-11-14,77.9285
2012-11-15,76.79
2012-11-16,75.0285
2012-11-17,75.0285
2012-11-18,75.0285
2012-11-19,77.2443
2012-11-20,81.7014
2012-11-21,80.6071
2012-11-22,80.6071
2012-11-23,81.0243
2012-11-24,81.0243
2012-11-25,81.0243
2012-11-26,82.2714
2012-11-27,84.2214
2012-11-28,82.4671
2012-11-29,84.3164
2012-11-30,83.8271
2012-12-01,83.8271
2012-12-02,83.8271
2012-12-03,84.8071
2012-12-04,83.1143
2012-12-05,81.2728
2012-12-06,75.5628
2012-12-07,79.0571
2012-12-08,79.0571
2012-12-09,79.0571
2012-12-10,75
2012-12-11,77.11
2012-12-12,78.2528
2012-12-13,75.8785
2012-12-14,73.5357
2012-12-15,73.5357
2012-12-16,73.5357
2012-12-17,72.7043
2012-12-18,75
2012-12-19,75.9243
2012-12-20,75.7143
2012-12-21,73.21
2012-12-22,73.21
2012-12-23,73.21
2012-12-24,74.3357
2012-12-25,74.3357
2012-12-26,74.1428
2012-12-27,73.3628
2012-12-28,72.8985
2012-12-29,72.8985
2012-12-30,72.8985
2012-12-31,72.9328
2013-01-01,72.9328
2013-01-02,79.1171
2013-01-03,78.2685
2013-01-04,76.7093
2013-01-05,76.7093
2013-01-06,76.7093
2013-01-07,74.5714
2013-01-08,75.6014
2013-01-09,74.6428
2013-01-10,75.5071
2013-01-11,74.4285
2013-01-12,74.4285
2013-01-13,74.4285
2013-01-14,71.8114
2013-01-15,71.1857
2013-01-16,70.6628
2013-01-17,72.9014
2013-01-18,71.2166
2013-01-19,71.2166
2013-01-20,71.2166
2013-01-21,71.2166
2013-01-22,72.08
2013-01-23,72.6871
2013-01-24,65.7143
2013-01-25,64.5271
2013-01-26,64.5271
2013-01-27,64.5271
2013-01-28,62.5464
2013-01-29,65.5
2013-01-30,65.2857
2013-01-31,65.2828
2013-02-01,65.5871
2013-02-02,65.5871
2013-02-03,65.5871
2013-02-04,64.8443
2013-02-05,63.4357
2013-02-06,65.21
2013-02-07,66.1786
2013-02-08,67.7143
2013-02-09,67.7143
2013-02-10,67.7143
2013-02-11,68.0714
2013-02-12,68.5014
2013-02-13,66.7443
2013-02-14,66.36
2013-02-15,66.9786
2013-02-16,66.9786
2013-02-17,66.9786
2013-02-18,66.9786
2013-02-19,65.8714
2013-02-20,65.3843
2013-02-21,63.7143
2013-02-22,64.1786
2013-02-23,64.1786
2013-02-24,64.1786
2013-02-25,64.8357
2013-02-26,63.4028
2013-02-27,64.0614
2013-02-28,63.4357
2013-03-01,62.5714
2013-03-02,62.5714
2013-03-03,62.5714
2013-03-04,61.1143
2013-03-05,60.2114
2013-03-06,62.0728
2013-03-07,60.6428
2013-03-08,61.4
2013-03-09,61.4
2013-03-10,61.4
2013-03-11,61.3928
2013-03-12,62.2286
2013-03-13,61.2071
2013-03-14,61.8328
2013-03-15,62.5614
2013-03-16,62.5614
2013-03-17,62.5614
2013-03-18,63.0643
2013-03-19,65.6428
2013-03-20,65.3457
2013-03-21,64.3171
2013-03-22,64.94
2013-03-23,64.94
2013-03-24,64.94
2013-03-25,66.3843
2013-03-26,66.4914
2013-03-27,65.2086
2013-03-28,64.26
2013-03-29,64.26
2013-03-30,64.26
2013-03-31,64.26
2013-04-01,63.1286
2013-04-02,61.0857
2013-04-03,61.6243
2013-04-04,61.9657
2013-04-05,60.6428
2013-04-06,60.6428
2013-04-07,60.6428
2013-04-08,60.6928
2013-04-09,60.9086
2013-04-10,61.1571
2013-04-11,61.96
2013-04-12,62.0214
2013-04-13,62.0214
2013-04-14,62.0214
2013-04-15,61
2013-04-16,60.2243
2013-04-17,60.0386
2013-04-18,57.8557
2013-04-19,55.4243
2013-04-20,55.4243
2013-04-21,55.4243
2013-04-22,56.0914
2013-04-23,57.7128
2013-04-24,56.22
2013-04-25,58.7464
2013-04-26,58.5443
2013-04-27,58.5443
2013-04-28,58.5443
2013-04-29,60.0643
2013-04-30,62.1571
2013-05-01,63.4943
2013-05-02,63.1114
2013-05-03,64.4728
2013-05-04,64.4728
2013-05-05,64.4728
2013-05-06,65.1014
2013-05-07,66.4243
2013-05-08,65.5771
2013-05-09,65.6871
2013-05-10,65.4243
2013-05-11,65.4243
2013-05-12,65.4243
2013-05-13,64.5014
2013-05-14,64.8357
2013-05-15,62.7371
2013-05-16,60.4628
2013-05-17,62.7214
2013-05-18,62.7214
2013-05-19,62.7214
2013-05-20,61.7014
2013-05-21,62.5928
2013-05-22,63.4357
2013-05-23,62.2786
2013-05-24,62.9786
2013-05-25,62.9786
2013-05-26,62.9786
2013-05-27,62.9786
2013-05-28,64.2714
2013-05-29,62.8571
2013-05-30,63.6643
2013-05-31,64.6428
2013-06-01,64.6428
2013-06-02,64.6428
2013-06-03,64.39
2013-06-04,64.7457
2013-06-05,63.6643
2013-06-06,63.6386
2013-06-07,62.3571
2013-06-08,62.3571
2013-06-09,62.3571
2013-06-10,63.5328
2013-06-11,62.2486
2013-06-12,62.7857
2013-06-13,61.7857
2013-06-14,62.2
2013-06-15,62.2
2013-06-16,62.2
2013-06-17,61.6343
2013-06-18,61.6514
2013-06-19,61.6286
2013-06-20,59.9
2013-06-21,59.7843
2013-06-22,59.7843
2013-06-23,59.7843
2013-06-24,58.2
2013-06-25,57.9571
2013-06-26,57.7
2013-06-27,57.0357
2013-06-28,55.9086
2013-06-29,55.9086
2013-06-30,55.9086
2013-07-01,57.5271
2013-07-02,58.5657
2013-07-03,60.1228
2013-07-04,60.1228
2013-07-05,60.0557
2013-07-06,60.0557
2013-07-07,60.0557
2013-07-08,60.0157
2013-07-09,59.0857
2013-07-10,59.9428
2013-07-11,60.4214
2013-07-12,61.0928
2013-07-13,61.0928
2013-07-14,61.0928
2013-07-15,60.7157
2013-07-16,60.9314
2013-07-17,61.3857
2013-07-18,61.9114
2013-07-19,61.8714
2013-07-20,61.8714
2013-07-21,61.8714
2013-07-22,61.3514
2013-07-23,60.8571
2013-07-24,62.7043
2013-07-25,62.9571
2013-07-26,62.1857
2013-07-27,62.1857
2013-07-28,62.1857
2013-07-29,62.9714
2013-07-30,64.28
2013-07-31,64.9986
2013-08-01,65.1076
2013-08-02,65.43
2013-08-03,65.43
2013-08-04,65.43
2013-08-05,66.3843
2013-08-06,66.86
2013-08-07,66.2571
2013-08-08,66.265
2013-08-09,65.52
2013-08-10,65.52
2013-08-11,65.52
2013-08-12,65.2657
2013-08-13,67.2771
2013-08-14,71.1257
2013-08-15,70.9171
2013-08-16,71.45
2013-08-17,71.45
2013-08-18,71.45
2013-08-19,72.0485
2013-08-20,72.8157
2013-08-21,71.9414
2013-08-22,72.14
2013-08-23,71.8957
2013-08-24,71.8957
2013-08-25,71.8957
2013-08-26,71.5357
2013-08-27,71.1428
2013-08-28,69.4286
2013-08-29,70.2357
2013-08-30,70.2857
2013-08-31,70.2857
2013-09-01,70.2857
2013-09-02,70.2857
2013-09-03,70.4428
2013-09-04,71.3657
2013-09-05,71.4643
2013-09-06,71.2057
2013-09-07,71.2057
2013-09-08,71.2057
2013-09-09,72.1428
2013-09-10,72.3143
2013-09-11,66.7157
2013-09-12,66.9286
2013-09-13,67.0486
2013-09-14,67.0486
2013-09-15,67.0486
2013-09-16,65.8571
2013-09-17,63.9943
2013-09-18,66.1686
2013-09-19,67.2428
2013-09-20,68.2857
2013-09-21,68.2857
2013-09-22,68.2857
2013-09-23,70.8714
2013-09-24,70.6971
2013-09-25,69.8857
2013-09-26,69.4286
2013-09-27,69.1114
2013-09-28,69.1114
2013-09-29,69.1114
2013-09-30,68.1786
2013-10-01,68.35
2013-10-02,69.3757
2013-10-03,70.0728
2013-10-04,69.1228
2013-10-05,69.1228
2013-10-06,69.1228
2013-10-07,69.5086
2013-10-08,69.9914
2013-10-09,69.2343
2013-10-10,70.1886
2013-10-11,69.57
2013-10-12,69.57
2013-10-13,69.57
2013-10-14,69.9757
2013-10-15,71.0721
2013-10-16,71.5414
2013-10-17,71.4257
2013-10-18,72.2843
2013-10-19,72.2843
2013-10-20,72.2843
2013-10-21,73.11
2013-10-22,75.2007
2013-10-23,74.1428
2013-10-24,75
2013-10-25,75.9021
2013-10-26,75.9021
2013-10-27,75.9021
2013-10-28,75.5771
2013-10-29,76.61
2013-10-30,74.23
2013-10-31,75
2013-11-01,74.86
2013-11-02,74.86
2013-11-03,74.86
2013-11-04,74.4428
2013-11-05,74.94
2013-11-06,74.8785
2013-11-07,74.2257
2013-11-08,73.5114
2013-11-09,73.5114
2013-11-10,73.5114
2013-11-11,74.2843
2013-11-12,73.9528
2013-11-13,74
2013-11-14,74.6871
2013-11-15,75.2257
2013-11-16,75.2257
2013-11-17,75.2257
2013-11-18,74.9985
2013-11-19,74.1471
2013-11-20,74.1757
2013-11-21,73.9428
2013-11-22,74.2171
2013-11-23,74.2171
2013-11-24,74.2171
2013-11-25,74.4314
2013-11-26,74.8743
2013-11-27,76.6157
2013-11-28,76.6157
2013-11-29,78.4971
2013-11-30,78.4971
2013-12-01,78.4971
2013-12-02,79.7143
2013-12-03,79.7571
2013-12-04,80.7857
2013-12-05,81.8071
2013-12-06,80.8271
2013-12-07,80.8271
2013-12-08,80.8271
2013-12-09,80.1286
2013-12-10,80.5114
2013-12-11,81
2013-12-12,80.306
2013-12-13,80.4071
2013-12-14,80.4071
2013-12-15,80.4071
2013-12-16,79.2885
2013-12-17,79.4014
2013-12-18,78.5285
2013-12-19,78.5
2013-12-20,77.9185
2013-12-21,77.9185
2013-12-22,77.9185
2013-12-23,81.1428
2013-12-24,81.4128
2013-12-25,81.4128
2013-12-26,81.1571
2013-12-27,80.5457
2013-12-28,80.5457
2013-12-29,80.5457
2013-12-30,79.6371
2013-12-31,79.1671
2014-01-01,79.1671
2014-01-02,79.3828
2014-01-03,78.98
2014-01-04,78.98
2014-01-05,78.98
2014-01-06,76.7785
2014-01-07,77.76
2014-01-08,76.9728
2014-01-09,78.1143
2014-01-10,77.1185
2014-01-11,77.1185
2014-01-12,77.1185
2014-01-13,75.7014
2014-01-14,76.8885
2014-01-15,79.0743
2014-01-16,79.2714
2014-01-17,78.7828
2014-01-18,78.7828
2014-01-19,78.7828
2014-01-20,78.7828
2014-01-21,77.2843
2014-01-22,78.7021
2014-01-23,78.5628
2014-01-24,79.1428
2014-01-25,79.1428
2014-01-26,79.1428
2014-01-27,78.5814
2014-01-28,72.68
2014-01-29,71.9928
2014-01-30,71.7914
2014-01-31,70.74
2014-02-01,70.74
2014-02-02,70.74
2014-02-03,71.8014
2014-02-04,72.2643
2014-02-05,72.3657
2014-02-06,72.8657
2014-02-07,74.4828
2014-02-08,74.4828
2014-02-09,74.4828
2014-02-10,74.0943
2014-02-11,75.8014
2014-02-12,76.7071
2014-02-13,76.38
2014-02-14,77.4957
2014-02-15,77.4957
2014-02-16,77.4957
2014-02-17,77.4957
2014-02-18,78
2014-02-19,77.8214
2014-02-20,76.1414
2014-02-21,76.1133
2014-02-22,76.1133
2014-02-23,76.1133
2014-02-24,74.7357
2014-02-25,75.6257
2014-02-26,74.8014
2014-02-27,73.8771
2014-02-28,75.5828
2014-03-01,75.5828
2014-03-02,75.5828
2014-03-03,74.7743
2014-03-04,75.8571
2014-03-05,75.8457
2014-03-06,76.1128
2014-03-07,75.87
2014-03-08,75.87
2014-03-09,75.87
2014-03-10,75.48
2014-03-11,76.4928
2014-03-12,76.3585
2014-03-13,76.7771
2014-03-14,75.5414
2014-03-15,75.5414
2014-03-16,75.5414
2014-03-17,75.3857
2014-03-18,75.1285
2014-03-19,76.0371
2014-03-20,75.6985
2014-03-21,75.99
2014-03-22,75.99
2014-03-23,75.99
2014-03-24,76.9171
2014-03-25,77.3571
2014-03-26,78.0743
2014-03-27,77.145
2014-03-28,76.9028
2014-03-29,76.9028
2014-03-30,76.9028
2014-03-31,77.0328
2014-04-01,76.8228
2014-04-02,77.4828
2014-04-03,77.3414
2014-04-04,77.1157
2014-04-05,77.1157
2014-04-06,77.1157
2014-04-07,75.4314
2014-04-08,75.0271
2014-04-09,74.6628
2014-04-10,75.8114
2014-04-11,74.1428
2014-04-12,74.1428
2014-04-13,74.1428
2014-04-14,74.5571
2014-04-15,74.3243
2014-04-16,74.0071
2014-04-17,74.2857
2014-04-18,74.2857
2014-04-19,74.2857
2014-04-20,74.2857
2014-04-21,75.0485
2014-04-22,75.4728
2014-04-23,75.58
2014-04-24,81.1728
2014-04-25,80.6471
2014-04-26,80.6471
2014-04-27,80.6471
2014-04-28,81.8285
2014-04-29,84.82
2014-04-30,84.6628
2014-05-01,84.5714
2014-05-02,84.62
2014-05-03,84.62
2014-05-04,84.62
2014-05-05,84.3057
2014-05-06,85.9714
2014-05-07,85.0357
2014-05-08,84.0357
2014-05-09,83.5057
2014-05-10,83.5057
2014-05-11,83.5057
2014-05-12,83.9271
2014-05-13,84.5714
2014-05-14,84.6328
2014-05-15,84.9571
2014-05-16,84.09
2014-05-17,84.09
2014-05-18,84.09
2014-05-19,85.4071
2014-05-20,86.3585
2014-05-21,86.2614
2014-05-22,86.6571
2014-05-23,86.75
2014-05-24,86.75
2014-05-25,86.75
2014-05-26,86.75
2014-05-27,87.9828
2014-05-28,89.4314
2014-05-29,89.6928
2014-05-30,91.14
2014-05-31,91.14
2014-06-01,91.14
2014-06-02,90.5657
2014-06-03,89.78
2014-06-04,91.0628
2014-06-05,92.3143
2014-06-06,92.8428
2014-06-07,92.8428
2014-06-08,92.8428
2014-06-09,92.7
2014-06-10,94.73
2014-06-11,94.13
2014-06-12,94.04
2014-06-13,92.2
2014-06-14,92.2
2014-06-15,92.2
2014-06-16,91.51
2014-06-17,92.31
2014-06-18,92.27
2014-06-19,92.29
2014-06-20,91.85
2014-06-21,91.85
2014-06-22,91.85
2014-06-23,91.32
2014-06-24,90.75
2014-06-25,90.21
2014-06-26,90.37
2014-06-27,90.82
2014-06-28,90.82
2014-06-29,90.82
2014-06-30,92.1
2014-07-01,93.52
2014-07-02,93.865
2014-07-03,93.67
2014-07-04,93.67
2014-07-05,93.67
2014-07-06,93.67
2014-07-07,94.14
2014-07-08,96.27
2014-07-09,95.44
2014-07-10,93.76
2014-07-11,95.36
2014-07-12,95.36
2014-07-13,95.36
2014-07-14,95.86
2014-07-15,96.8
2014-07-16,96.97
2014-07-17,95.03
2014-07-18,93.62
2014-07-19,93.62
2014-07-20,93.62
2014-07-21,94.99
2014-07-22,94.68
2014-07-23,95.42
2014-07-24,97.035
2014-07-25,96.85
2014-07-26,96.85
2014-07-27,96.85
2014-07-28,97.82
2014-07-29,99.33
2014-07-30,98.44
2014-07-31,97.16
2014-08-01,94.9
2014-08-02,94.9
2014-08-03,94.9
2014-08-04,96.37
2014-08-05,95.36
2014-08-06,94.75
2014-08-07,94.93
2014-08-08,94.26
2014-08-09,94.26
2014-08-10,94.26
2014-08-11,95.27
2014-08-12,96.04
2014-08-13,96.15
2014-08-14,97.33
2014-08-15,97.9
2014-08-16,97.9
2014-08-17,97.9
2014-08-18,98.49
2014-08-19,99.41
2014-08-20,100.44
2014-08-21,100.57
2014-08-22,100.29
2014-08-23,100.29
2014-08-24,100.29
2014-08-25,101.79
2014-08-26,101.42
2014-08-27,101.02
2014-08-28,101.59
2014-08-29,102.86
2014-08-30,102.86
2014-08-31,102.86
2014-09-01,102.86
2014-09-02,103.06
2014-09-03,103.1
2014-09-04,98.85
2014-09-05,98.8
2014-09-06,98.8
2014-09-07,98.8
2014-09-08,99.3
2014-09-09,99.08
2014-09-10,98.01
2014-09-11,100.41
2014-09-12,101.21
2014-09-13,101.21
2014-09-14,101.21
2014-09-15,102.81
2014-09-16,99.8
2014-09-17,101.27
2014-09-18,101.93
2014-09-19,102.29
2014-09-20,102.29
2014-09-21,102.29
2014-09-22,101.8
2014-09-23,100.6
2014-09-24,102.16
2014-09-25,100.51
2014-09-26,98.53
2014-09-27,98.53
2014-09-28,98.53
2014-09-29,98.65
2014-09-30,100.81
2014-10-01,100.59
2014-10-02,99.27
2014-10-03,99.44
2014-10-04,99.44
2014-10-05,99.44
2014-10-06,99.95
2014-10-07,99.43
2014-10-08,98.76
2014-10-09,101.54
2014-10-10,100.69
2014-10-11,100.69
2014-10-12,100.69
2014-10-13,101.33
2014-10-14,100.39
2014-10-15,97.97
2014-10-16,95.55
2014-10-17,97.5
2014-10-18,97.5
2014-10-19,97.5
2014-10-20,98.315
2014-10-21,103.02
2014-10-22,102.84
2014-10-23,104.08
2014-10-24,105.18
2014-10-25,105.18
2014-10-26,105.18
2014-10-27,104.85
2014-10-28,105.4
2014-10-29,106.65
2014-10-30,106.959
2014-10-31,108.01
2014-11-01,108.01
2014-11-02,108.01
2014-11-03,108.22
2014-11-04,109.36
2014-11-05,109.1
2014-11-06,108.6
2014-11-07,108.75
2014-11-08,108.75
2014-11-09,108.75
2014-11-10,109.02
2014-11-11,108.7
2014-11-12,109.38
2014-11-13,111.8
2014-11-14,113.15
2014-11-15,113.15
2014-11-16,113.15
2014-11-17,114.27
2014-11-18,113.94
2014-11-19,115.44
2014-11-20,114.91
2014-11-21,117.51
2014-11-22,117.51
2014-11-23,117.51
2014-11-24,116.85
2014-11-25,119.07
2014-11-26,117.94
2014-11-27,117.94
2014-11-28,119.27
2014-11-29,119.27
2014-11-30,119.27
2014-12-01,118.81
2014-12-02,113.5
2014-12-03,115.75
2014-12-04,115.77
2014-12-05,115.99
2014-12-06,115.99
2014-12-07,115.99
2014-12-08,114.1
2014-12-09,110.19
2014-12-10,114.41
2014-12-11,112.26
2014-12-12,110.46
2014-12-13,110.46
2014-12-14,110.46
2014-12-15,110.7
2014-12-16,106.37
2014-12-17,107.12
2014-12-18,111.87
2014-12-19,112.26
2014-12-20,112.26
2014-12-21,112.26
2014-12-22,112.16
2014-12-23,113.23
2014-12-24,112.58
2014-12-25,112.58
2014-12-26,112.1
2014-12-27,112.1
2014-12-28,112.1
2014-12-29,113.79
2014-12-30,113.64
2014-12-31,112.82
2015-01-01,112.82
2015-01-02,111.39
2015-01-03,111.39
2015-01-04,111.39
2015-01-05,108.29
2015-01-06,106.54
2015-01-07,107.2
2015-01-08,109.23
2015-01-09,112.67
2015-01-10,112.67
2015-01-11,112.67
2015-01-12,112.6
2015-01-13,111.43
2015-01-14,109.04
2015-01-15,110
2015-01-16,107.03
2015-01-17,107.03
2015-01-18,107.03
2015-01-19,107.03
2015-01-20,107.84
2015-01-21,108.95
2015-01-22,110.26
2015-01-23,112.3
2015-01-24,112.3
2015-01-25,112.3
2015-01-26,113.74
2015-01-27,112.42
2015-01-28,117.625
2015-01-29,116.32
2015-01-30,118.4
2015-01-31,118.4
2015-02-01,118.4
2015-02-02,118.05
2015-02-03,118.5
2015-02-04,118.5
2015-02-05,120.02
2015-02-06,120.02
2015-02-07,120.02
2015-02-08,120.02
2015-02-09,118.55
2015-02-10,120.17
2015-02-11,122.77
2015-02-12,126.06
2015-02-13,127.28
2015-02-14,127.28
2015-02-15,127.28
2015-02-16,127.28
2015-02-17,127.49
2015-02-18,127.625
2015-02-19,128.48
2015-02-20,128.62
2015-02-21,128.62
2015-02-22,128.62
2015-02-23,130.02
2015-02-24,132.94
2015-02-25,131.56
2015-02-26,128.785
2015-02-27,130
2015-02-28,130
2015-03-01,130
2015-03-02,129.25
2015-03-03,128.96
2015-03-04,129.1
2015-03-05,128.58
2015-03-06,128.4
2015-03-07,128.4
2015-03-08,128.4
2015-03-09,127.96
2015-03-10,126.41
2015-03-11,124.75
2015-03-12,122.31
2015-03-13,124.4
2015-03-14,124.4
2015-03-15,124.4
2015-03-16,123.88
2015-03-17,125.9
2015-03-18,127
2015-03-19,128.75
2015-03-20,128.25
2015-03-21,128.25
2015-03-22,128.25
2015-03-23,127.12
2015-03-24,127.23
2015-03-25,126.54
2015-03-26,122.76
2015-03-27,124.57
2015-03-28,124.57
2015-03-29,124.57
2015-03-30,124.05
2015-03-31,126.09
2015-04-01,124.82
2015-04-02,125.03
2015-04-03,125.03
2015-04-04,125.03
2015-04-05,125.03
2015-04-06,124.47
2015-04-07,127.64
2015-04-08,125.85
2015-04-09,125.85
2015-04-10,125.95
2015-04-11,125.95
2015-04-12,125.95
2015-04-13,128.37
2015-04-14,127
2015-04-15,126.41
2015-04-16,126.28
2015-04-17,125.55
2015-04-18,125.55
2015-04-19,125.55
2015-04-20,125.57
2015-04-21,128.1
2015-04-22,126.99
2015-04-23,128.3
2015-04-24,130.49
2015-04-25,130.49
2015-04-26,130.49
2015-04-27,132.31
2015-04-28,134.455
2015-04-29,130.16
2015-04-30,127.5
2015-05-01,126.1
2015-05-02,126.1
2015-05-03,126.1
2015-05-04,129.5
2015-05-05,128.15
2015-05-06,126.56
2015-05-07,124.77
2015-05-08,126.68
2015-05-09,126.68
2015-05-10,126.68
2015-05-11,127.39
2015-05-12,125.6
2015-05-13,126.15
2015-05-14,127.41
2015-05-15,129.07
2015-05-16,129.07
2015-05-17,129.07
2015-05-18,128.38
2015-05-19,130.69
2015-05-20,130
2015-05-21,130.07
2015-05-22,131.6
2015-05-23,131.6
2015-05-24,131.6
2015-05-25,131.6
2015-05-26,132.6
2015-05-27,130.34
2015-05-28,131.86
2015-05-29,131.23
2015-05-30,131.23
2015-05-31,131.23
2015-06-01,131.2
2015-06-02,129.86
2015-06-03,130.66
2015-06-04,129.58
2015-06-05,129.5
2015-06-06,129.5
2015-06-07,129.5
2015-06-08,128.9
2015-06-09,126.7
2015-06-10,127.92
2015-06-11,129.18
2015-06-12,128.185
2015-06-13,128.185
2015-06-14,128.185
2015-06-15,126.1
2015-06-16,127.03
2015-06-17,127.72
2015-06-18,127.23
2015-06-19,127.71
2015-06-20,127.71
2015-06-21,127.71
2015-06-22,127.49
2015-06-23,127.48
2015-06-24,127.21
2015-06-25,128.86
2015-06-26,127.67
2015-06-27,127.67
2015-06-28,127.67
2015-06-29,125.46
2015-06-30,125.57
2015-07-01,126.9
2015-07-02,126.43
2015-07-03,126.43
2015-07-04,126.43
2015-07-05,126.43
2015-07-06,124.94
2015-07-07,125.89
2015-07-08,124.48
2015-07-09,123.85
2015-07-10,121.94
2015-07-11,121.94
2015-07-12,121.94
2015-07-13,125.03
2015-07-14,126.04
2015-07-15,125.72
2015-07-16,127.74
2015-07-17,129.08
2015-07-18,129.08
2015-07-19,129.08
2015-07-20,130.97
2015-07-21,132.85
2015-07-22,121.99
2015-07-23,126.2
2015-07-24,125.32
2015-07-25,125.32
2015-07-26,125.32
2015-07-27,123.09
2015-07-28,123.38
2015-07-29,123.15
2015-07-30,122.32
2015-07-31,122.6
2015-08-01,122.6
2015-08-02,122.6
2015-08-03,121.5
2015-08-04,117.42
2015-08-05,112.95
2015-08-06,115.97
2015-08-07,114.58
2015-08-08,114.58
2015-08-09,114.58
2015-08-10,116.53
2015-08-11,117.81
2015-08-12,112.53
2015-08-13,116.04
2015-08-14,114.32
2015-08-15,114.32
2015-08-16,114.32
2015-08-17,116.04
2015-08-18,116.43
2015-08-19,116.1
2015-08-20,114.08
2015-08-21,110.43
2015-08-22,110.43
2015-08-23,110.43
2015-08-24,94.87
2015-08-25,111.11
2015-08-26,107.085
2015-08-27,112.23
2015-08-28,112.17
2015-08-29,112.17
2015-08-30,112.17
2015-08-31,112.03
2015-09-01,110.15
2015-09-02,110.23
2015-09-03,112.49
2015-09-04,108.97
2015-09-05,108.97
2015-09-06,108.97
2015-09-07,108.97
2015-09-08,111.65
2015-09-09,113.76
2015-09-10,110.27
2015-09-11,111.79
2015-09-12,111.79
2015-09-13,111.79
2015-09-14,116.58
2015-09-15,115.93
2015-09-16,116.25
2015-09-17,115.66
2015-09-18,112.21
2015-09-19,112.21
2015-09-20,112.21
2015-09-21,113.67
2015-09-22,113.38
2015-09-23,113.63
2015-09-24,113.25
2015-09-25,116.44
2015-09-26,116.44
2015-09-27,116.44
2015-09-28,113.85
2015-09-29,112.83
2015-09-30,110.17
2015-10-01,109.07
2015-10-02,108.01
2015-10-03,108.01
2015-10-04,108.01
2015-10-05,109.88
2015-10-06,110.63
2015-10-07,111.74
2015-10-08,110.19
2015-10-09,110
2015-10-10,110
2015-10-11,110
2015-10-12,112.73
2015-10-13,110.82
2015-10-14,111.29
2015-10-15,110.93
2015-10-16,111.78
2015-10-17,111.78
2015-10-18,111.78
2015-10-19,110.8
2015-10-20,111.34
2015-10-21,114
2015-10-22,114.33
2015-10-23,116.7
2015-10-24,116.7
2015-10-25,116.7
2015-10-26,118.08
2015-10-27,115.4
2015-10-28,116.93
2015-10-29,118.7
2015-10-30,120.99
2015-10-31,120.99
2015-11-01,120.99
2015-11-02,119.87
2015-11-03,120.79
2015-11-04,123.13
2015-11-05,121.85
2015-11-06,121.11
2015-11-07,121.11
2015-11-08,121.11
2015-11-09,120.96
2015-11-10,116.9
2015-11-11,116.37
2015-11-12,116.26
2015-11-13,115.2
2015-11-14,115.2
2015-11-15,115.2
2015-11-16,111.38
2015-11-17,114.92
2015-11-18,115.76
2015-11-19,117.64
2015-11-20,119.2
2015-11-21,119.2
2015-11-22,119.2
2015-11-23,119.27
2015-11-24,117.33
2015-11-25,119.21
2015-11-26,119.21
2015-11-27,118.29
2015-11-28,118.29
2015-11-29,118.29
2015-11-30,117.99
2015-12-01,118.75
2015-12-02,117.05
2015-12-03,116.55
2015-12-04,115.29
2015-12-05,115.29
2015-12-06,115.29
2015-12-07,118.98
2015-12-08,117.52
2015-12-09,117.64
2015-12-10,116.04
2015-12-11,115.19
2015-12-12,115.19
2015-12-13,115.19
2015-12-14,112.18
2015-12-15,111.94
2015-12-16,111.07
2015-12-17,112.02
2015-12-18,108.91
2015-12-19,108.91
2015-12-20,108.91
2015-12-21,107.28
2015-12-22,107.4
2015-12-23,107.27
2015-12-24,109
2015-12-25,109
2015-12-26,109
2015-12-27,109
2015-12-28,107.59
2015-12-29,106.96
2015-12-30,108.58
2015-12-31,107.01
2016-01-01,107.01
2016-01-02,107.01
2016-01-03,107.01
2016-01-04,102.61
2016-01-05,105.75
2016-01-06,100.56
2016-01-07,98.68
2016-01-08,98.55
2016-01-09,98.55
2016-01-10,98.55
2016-01-11,98.97
2016-01-12,100.55
2016-01-13,100.32
2016-01-14,97.96
2016-01-15,96.2
2016-01-16,96.2
2016-01-17,96.2
2016-01-18,96.2
2016-01-19,98.41
2016-01-20,95.1
2016-01-21,97.06
2016-01-22,98.63
2016-01-23,98.63
2016-01-24,98.63
2016-01-25,101.52
2016-01-26,99.93
2016-01-27,96.04
2016-01-28,93.79
2016-01-29,94.79
2016-01-30,94.79
2016-01-31,94.79
2016-02-01,96.47
2016-02-02,95.42
2016-02-03,95
2016-02-04,95.86
2016-02-05,96.52
2016-02-06,96.52
2016-02-07,96.52
2016-02-08,93.13
2016-02-09,94.29
2016-02-10,95.92
2016-02-11,93.79
2016-02-12,94.19
2016-02-13,94.19
2016-02-14,94.19
2016-02-15,94.19
2016-02-16,95.02
2016-02-17,96.67
2016-02-18,98.84
2016-02-19,96
2016-02-20,96
2016-02-21,96
2016-02-22,96.31
2016-02-23,96.4
2016-02-24,93.98
2016-02-25,96.05
2016-02-26,97.2
2016-02-27,97.2
2016-02-28,97.2
2016-02-29,96.86
2016-03-01,97.65
2016-03-02,100.51
2016-03-03,100.58
2016-03-04,102.37
2016-03-05,102.37
2016-03-06,102.37
2016-03-07,102.39
2016-03-08,100.78
2016-03-09,101.31
2016-03-10,101.41
2016-03-11,102.24
2016-03-12,102.24
2016-03-13,102.24
2016-03-14,101.91
2016-03-15,103.96
2016-03-16,104.61
2016-03-17,105.52
2016-03-18,106.34
2016-03-19,106.34
2016-03-20,106.34
2016-03-21,105.93
2016-03-22,105.25
2016-03-23,106.48
2016-03-24,105.47
2016-03-25,105.47
2016-03-26,105.47
2016-03-27,105.47
2016-03-28,106
2016-03-29,104.89
2016-03-30,108.65
2016-03-31,109.72
2016-04-01,108.78
2016-04-02,108.78
2016-04-03,108.78
2016-04-04,110.42
2016-04-05,109.51
2016-04-06,110.23
2016-04-07,109.95
2016-04-08,108.91
2016-04-09,108.91
2016-04-10,108.91
2016-04-11,108.97
2016-04-12,109.34
2016-04-13,110.8
2016-04-14,111.62
2016-04-15,112.11
2016-04-16,112.11
2016-04-17,112.11
2016-04-18,108.89
2016-04-19,107.88
2016-04-20,106.64
2016-04-21,106.93
2016-04-22,105.01
2016-04-23,105.01
2016-04-24,105.01
2016-04-25,105
2016-04-26,103.91
2016-04-27,96
2016-04-28,97.61
2016-04-29,93.99
2016-04-30,93.99
2016-05-01,93.99
2016-05-02,93.965
2016-05-03,94.2
2016-05-04,95.2
2016-05-05,94
2016-05-06,93.37
2016-05-07,93.37
2016-05-08,93.37
2016-05-09,93
2016-05-10,93.33
2016-05-11,93.48
2016-05-12,92.72
2016-05-13,90
2016-05-14,90
2016-05-15,90
2016-05-16,92.39
2016-05-17,94.55
2016-05-18,94.16
2016-05-19,94.64
2016-05-20,94.64
2016-05-21,94.64
2016-05-22,94.64
2016-05-23,95.87
2016-05-24,97.22
2016-05-25,98.67
2016-05-26,99.68
2016-05-27,99.44
2016-05-28,99.44
2016-05-29,99.44
2016-05-30,99.44
2016-05-31,99.6
2016-06-01,99.02
2016-06-02,97.6
2016-06-03,97.79
2016-06-04,97.79
2016-06-05,97.79
2016-06-06,97.99
2016-06-07,99.25
2016-06-08,99.02
2016-06-09,98.5
2016-06-10,98.53
2016-06-11,98.53
2016-06-12,98.53
2016-06-13,98.69
2016-06-14,97.32
2016-06-15,97.82
2016-06-16,96.45
2016-06-17,96.62
2016-06-18,96.62
2016-06-19,96.62
2016-06-20,96
2016-06-21,94.94
2016-06-22,96.25
2016-06-23,95.94
2016-06-24,92.91
2016-06-25,92.91
2016-06-26,92.91
2016-06-27,93
2016-06-28,92.9
2016-06-29,93.97
2016-06-30,94.44
2016-07-01,95.49
2016-07-02,95.49
2016-07-03,95.49
2016-07-04,95.49
2016-07-05,95.39
2016-07-06,94.6
2016-07-07,95.7
2016-07-08,96.49
2016-07-09,96.49
2016-07-10,96.49
2016-07-11,96.75
2016-07-12,97.17
2016-07-13,97.41
2016-07-14,97.39
2016-07-15,98.92
2016-07-16,98.92
2016-07-17,98.92
2016-07-18,98.7
2016-07-19,99.56
2016-07-20,100
2016-07-21,99.83
2016-07-22,99.26
2016-07-23,99.26
2016-07-24,99.26
2016-07-25,98.25
2016-07-26,96.82
2016-07-27,104.265
2016-07-28,102.83
2016-07-29,104.19
2016-07-30,104.19
2016-07-31,104.19
2016-08-01,104.41
2016-08-02,106.05
2016-08-03,104.81
2016-08-04,105.58
2016-08-05,106.27
2016-08-06,106.27
2016-08-07,106.27
2016-08-08,107.52
2016-08-09,108.23
2016-08-10,108.71
2016-08-11,108.52
2016-08-12,107.78
2016-08-13,107.78
2016-08-14,107.78
2016-08-15,108.14
2016-08-16,109.63
2016-08-17,109.1
2016-08-18,109.23
2016-08-19,108.77
2016-08-20,108.77
2016-08-21,108.77
2016-08-22,108.86
2016-08-23,108.59
2016-08-24,108.565
2016-08-25,107.39
2016-08-26,107.41
2016-08-27,107.41
2016-08-28,107.41
2016-08-29,106.62
2016-08-30,105.8
2016-08-31,105.66
2016-09-01,106.14
2016-09-02,107.7
2016-09-03,107.7
2016-09-04,107.7
2016-09-05,107.7
2016-09-06,107.9
2016-09-07,107.83
2016-09-08,107.25
2016-09-09,104.64
2016-09-10,104.64
2016-09-11,104.64
2016-09-12,102.65
2016-09-13,107.51
2016-09-14,108.73
2016-09-15,113.86
2016-09-16,115.12
2016-09-17,115.12
2016-09-18,115.12
2016-09-19,115.19
2016-09-20,113.05
2016-09-21,113.85
2016-09-22,114.35
2016-09-23,114.42
2016-09-24,114.42
2016-09-25,114.42
2016-09-26,111.64
2016-09-27,113
2016-09-28,113.69
2016-09-29,113.16
2016-09-30,112.46
2016-10-01,112.46
2016-10-02,112.46
2016-10-03,112.71
2016-10-04,113.06
2016-10-05,113.4
2016-10-06,113.7
2016-10-07,114.31
2016-10-08,114.31
2016-10-09,114.31
2016-10-10,115.02
2016-10-11,117.7
2016-10-12,117.35
2016-10-13,116.79
2016-10-14,117.88
2016-10-15,117.88
2016-10-16,117.88
2016-10-17,117.33
2016-10-18,118.18
2016-10-19,117.25
2016-10-20,116.86
2016-10-21,116.81
2016-10-22,116.81
2016-10-23,116.81
2016-10-24,117.1
2016-10-25,117.95
2016-10-26,114.31
2016-10-27,115.39
2016-10-28,113.87
2016-10-29,113.87
2016-10-30,113.87
2016-10-31,113.65
2016-11-01,113.46
2016-11-02,111.4
2016-11-03,110.98
2016-11-04,108.53
2016-11-05,108.53
2016-11-06,108.53
2016-11-07,110.08
2016-11-08,110.31
2016-11-09,109.88
2016-11-10,111.09
2016-11-11,107.12
2016-11-12,107.12
2016-11-13,107.12
2016-11-14,107.71
2016-11-15,106.57
2016-11-16,106.7
2016-11-17,109.81
2016-11-18,109.72
2016-11-19,109.72
2016-11-20,109.72
2016-11-21,110.12
2016-11-22,111.95
2016-11-23,111.36
2016-11-24,111.36
2016-11-25,111.13
2016-11-26,111.13
2016-11-27,111.13
2016-11-28,111.43
2016-11-29,110.78
2016-11-30,111.6
2016-12-01,110.365
2016-12-02,109.17
2016-12-03,109.17
2016-12-04,109.17
2016-12-05,110
2016-12-06,109.5
2016-12-07,109.26
2016-12-08,110.86
2016-12-09,112.31
2016-12-10,112.31
2016-12-11,112.31
2016-12-12,113.29
2016-12-13,113.84
2016-12-14,115.04
2016-12-15,115.38
2016-12-16,116.47
2016-12-17,116.47
2016-12-18,116.47
2016-12-19,115.8
2016-12-20,116.74
2016-12-21,116.8
2016-12-22,116.35
2016-12-23,115.59
2016-12-24,115.59
2016-12-25,115.59
2016-12-26,115.59
2016-12-27,116.52
2016-12-28,117.52
2016-12-29,116.45
2016-12-30,116.65
2016-12-31,116.65
2017-01-01,116.65
2017-01-02,116.65
2017-01-03,115.8
2017-01-04,115.85
2017-01-05,115.92
2017-01-06,116.78
2017-01-07,116.78
2017-01-08,116.78
2017-01-09,117.95
2017-01-10,118.77
2017-01-11,118.74
2017-01-12,118.895
2017-01-13,119.11
2017-01-14,119.11
2017-01-15,119.11
2017-01-16,119.11
2017-01-17,118.34
2017-01-18,120
2017-01-19,119.4
2017-01-20,120.45
2017-01-21,120.45
2017-01-22,120.45
2017-01-23,120
2017-01-24,119.55
2017-01-25,120.42
2017-01-26,121.67
2017-01-27,122.14
2017-01-28,122.14
2017-01-29,122.14
2017-01-30,120.93
2017-01-31,121.15
2017-02-01,127.03
2017-02-02,127.975
2017-02-03,128.31
2017-02-04,128.31
2017-02-05,128.31
2017-02-06,129.13
2017-02-07,130.54
2017-02-08,131.35
2017-02-09,131.65
2017-02-10,132.46
2017-02-11,132.46
2017-02-12,132.46
2017-02-13,133.08
2017-02-14,133.47
2017-02-15,135.52
2017-02-16,135.67
2017-02-17,135.1
2017-02-18,135.1
2017-02-19,135.1
2017-02-20,135.1
2017-02-21,136.23
2017-02-22,136.43
2017-02-23,137.38
2017-02-24,135.91
2017-02-25,135.91
2017-02-26,135.91
2017-02-27,137.14
2017-02-28,137.08
2017-03-01,137.89
2017-03-02,140
2017-03-03,138.78
2017-03-04,138.78
2017-03-05,138.78
2017-03-06,139.365
2017-03-07,139.06
2017-03-08,138.95
2017-03-09,138.74
2017-03-10,139.25
2017-03-11,139.25
2017-03-12,139.25
2017-03-13,138.85
2017-03-14,139.3
2017-03-15,139.41
2017-03-16,140.72
2017-03-17,141
2017-03-18,141
2017-03-19,141
2017-03-20,140.4
2017-03-21,142.11
2017-03-22,139.845
2017-03-23,141.26
2017-03-24,141.5
2017-03-25,141.5
2017-03-26,141.5
2017-03-27,139.39
2017-03-28,140.91
2017-03-29,143.68
2017-03-30,144.19
2017-03-31,143.72
2017-04-01,143.72
2017-04-02,143.72
2017-04-03,143.71
2017-04-04,143.25
2017-04-05,144.22
2017-04-06,144.29
2017-04-07,143.73
2017-04-08,143.73
2017-04-09,143.73
2017-04-10,143.6
2017-04-11,142.94
2017-04-12,141.6
2017-04-13,141.91
2017-04-14,141.91
2017-04-15,141.91
2017-04-16,141.91
2017-04-17,141.48
2017-04-18,141.41
2017-04-19,141.88
2017-04-20,141.22
2017-04-21,142.44
2017-04-22,142.44
2017-04-23,142.44
2017-04-24,143.5
2017-04-25,143.91
2017-04-26,144.47
2017-04-27,143.923
2017-04-28,144.09
2017-04-29,144.09
2017-04-30,144.09
2017-05-01,145.1
2017-05-02,147.54
2017-05-03,145.59
2017-05-04,146.52
2017-05-05,146.76
2017-05-06,146.76
2017-05-07,146.76
2017-05-08,149.03
2017-05-09,153.87
2017-05-10,153.63
2017-05-11,152.45
2017-05-12,154.7
2017-05-13,154.7
2017-05-14,154.7
2017-05-15,156.01
2017-05-16,155.94
2017-05-17,153.6
2017-05-18,151.27
2017-05-19,153.38
2017-05-20,153.38
2017-05-21,153.38
2017-05-22,154
2017-05-23,154.9
2017-05-24,153.84
2017-05-25,153.73
2017-05-26,154
2017-05-27,154
2017-05-28,154
2017-05-29,154
2017-05-30,153.42
2017-05-31,153.97
2017-06-01,153.17
2017-06-02,153.58
2017-06-03,153.58
2017-06-04,153.58
2017-06-05,154.34
2017-06-06,153.9
2017-06-07,155.02
2017-06-08,155.25
2017-06-09,155.19
2017-06-10,155.19
2017-06-11,155.19
2017-06-12,145.74
2017-06-13,147.16
2017-06-14,147.5
2017-06-15,143.32
2017-06-16,143.78
2017-06-17,143.78
2017-06-18,143.78
2017-06-19,143.66
2017-06-20,146.87
2017-06-21,145.52
2017-06-22,145.77
2017-06-23,145.13
2017-06-24,145.13
2017-06-25,145.13
2017-06-26,147.17
2017-06-27,145.01
2017-06-28,144.49
2017-06-29,144.71
2017-06-30,144.45
2017-07-01,144.45
2017-07-02,144.45
2017-07-03,144.88
2017-07-04,144.88
2017-07-05,143.69
2017-07-06,143.02
2017-07-07,142.9
2017-07-08,142.9
2017-07-09,142.9
2017-07-10,144.11
2017-07-11,144.73
2017-07-12,145.87
2017-07-13,145.5
2017-07-14,147.97
2017-07-15,147.97
2017-07-16,147.97
2017-07-17,148.82
2017-07-18,149.2
2017-07-19,150.48
2017-07-20,151.5
2017-07-21,149.99
2017-07-22,149.99
2017-07-23,149.99
2017-07-24,150.58
2017-07-25,151.8
2017-07-26,153.35
2017-07-27,153.75
2017-07-28,149.89
2017-07-29,149.89
2017-07-30,149.89
2017-07-31,149.9
2017-08-01,149.1
2017-08-02,159.28
2017-08-03,157.05
2017-08-04,156.07
2017-08-05,156.07
2017-08-06,156.07
2017-08-07,157.06
2017-08-08,158.6
2017-08-09,159.26
2017-08-10,159.9
2017-08-11,156.6
2017-08-12,156.6
2017-08-13,156.6
2017-08-14,159.32
2017-08-15,160.66
2017-08-16,161.94
2017-08-17,160.52
2017-08-18,157.86
2017-08-19,157.86
2017-08-20,157.86
2017-08-21,157.5
2017-08-22,158.23
2017-08-23,159.07
2017-08-24,160.43
2017-08-25,159.65
2017-08-26,159.65
2017-08-27,159.65
2017-08-28,160.14
2017-08-29,160.1
2017-08-30,163.8
2017-08-31,163.64
2017-09-01,164.8
2017-09-02,164.8
2017-09-03,164.8
2017-09-04,164.8
2017-09-05,163.75
2017-09-06,162.71
2017-09-07,162.09
2017-09-08,160.86
2017-09-09,160.86
2017-09-10,160.86
2017-09-11,160.5
2017-09-12,162.61
2017-09-13,159.87
2017-09-14,158.99
2017-09-15,158.47
2017-09-16,158.47
2017-09-17,158.47
2017-09-18,160.11
2017-09-19,159.51
2017-09-20,157.9
2017-09-21,155.8
2017-09-22,152.02
2017-09-23,152.02
2017-09-24,152.02
2017-09-25,149.99
2017-09-26,151.78
2017-09-27,153.8
2017-09-28,153.89
2017-09-29,153.21
2017-09-30,153.21
2017-10-01,153.21
2017-10-02,154.26
2017-10-03,154.01
2017-10-04,153.63
2017-10-05,154.18
2017-10-06,154.97
2017-10-07,154.97
2017-10-08,154.97
2017-10-09,155.81
2017-10-10,156.055
2017-10-11,155.97
2017-10-12,156.35
2017-10-13,156.73
2017-10-14,156.73
2017-10-15,156.73
2017-10-16,157.9
2017-10-17,159.78
2017-10-18,160.42
2017-10-19,156.75
2017-10-20,156.61
2017-10-21,156.61
2017-10-22,156.61
2017-10-23,156.89
2017-10-24,156.29
2017-10-25,156.91
2017-10-26,157.23
2017-10-27,159.29
2017-10-28,159.29
2017-10-29,159.29
2017-10-30,163.89
2017-10-31,167.9
2017-11-01,169.87
2017-11-02,167.64
2017-11-03,174
2017-11-04,174
2017-11-05,174
2017-11-06,172.365
2017-11-07,173.91
2017-11-08,174.66
2017-11-09,175.11
2017-11-10,175.11
2017-11-11,175.11
2017-11-12,175.11
2017-11-13,173.5
2017-11-14,173.04
2017-11-15,169.97
2017-11-16,171.18
2017-11-17,171.04
2017-11-18,171.04
2017-11-19,171.04
2017-11-20,170.29
2017-11-21,170.78
2017-11-22,173.36
2017-11-23,173.36
2017-11-24,175.1
2017-11-25,175.1
2017-11-26,175.1
2017-11-27,175.05
2017-11-28,174.3
2017-11-29,172.63
2017-11-30,170.43
2017-12-01,169.95
2017-12-02,169.95
2017-12-03,169.95
2017-12-04,172.48
2017-12-05,169.06
2017-12-06,167.5
2017-12-07,169.03
2017-12-08,170.49
2017-12-09,170.49
2017-12-10,170.49
2017-12-11,169.2
2017-12-12,172.15
2017-12-13,172.5
2017-12-14,172.4
2017-12-15,173.63
2017-12-16,173.63
2017-12-17,173.63
2017-12-18,174.88
2017-12-19,175.03
2017-12-20,174.87
2017-12-21,174.17
2017-12-22,174.68
2017-12-23,174.68
2017-12-24,174.68
2017-12-25,174.68
2017-12-26,170.8
2017-12-27,170.1
2017-12-28,171
2017-12-29,170.52
2017-12-30,170.52
2017-12-31,170.52
2018-01-01,170.52
2018-01-02,170.16
2018-01-03,172.53
2018-01-04,172.54
2018-01-05,173.44
2018-01-06,173.44
2018-01-07,173.44
2018-01-08,174.35
2018-01-09,174.55
2018-01-10,173.16
2018-01-11,174.59
2018-01-12,176.18
2018-01-13,176.18
2018-01-14,176.18
2018-01-15,176.18
2018-01-16,177.9
2018-01-17,176.15
2018-01-18,179.37
2018-01-19,178.61
2018-01-20,178.61
2018-01-21,178.61
2018-01-22,177.3
2018-01-23,177.3
2018-01-24,177.25
2018-01-25,174.505
2018-01-26,172
2018-01-27,172
2018-01-28,172
2018-01-29,170.16
2018-01-30,165.525
2018-01-31,166.87
2018-02-01,167.165
2018-02-02,166
2018-02-03,166
2018-02-04,166
2018-02-05,159.1
2018-02-06,154.83
2018-02-07,163.085
2018-02-08,160.29
2018-02-09,157.07
2018-02-10,157.07
2018-02-11,157.07
2018-02-12,158.5
2018-02-13,161.95
2018-02-14,163.045
2018-02-15,169.79
2018-02-16,172.36
2018-02-17,172.36
2018-02-18,172.36
2018-02-19,172.36
2018-02-20,172.05
2018-02-21,172.83
2018-02-22,171.8
2018-02-23,173.67
2018-02-24,173.67
2018-02-25,173.67
2018-02-26,176.35
2018-02-27,179.1
2018-02-28,179.26
2018-03-01,178.54
2018-03-02,172.8
2018-03-03,172.8
2018-03-04,172.8
2018-03-05,175.21
2018-03-06,177.91
2018-03-07,174.94
2018-03-08,175.48
2018-03-09,177.96
2018-03-10,177.96
2018-03-11,177.96
2018-03-12,180.29
2018-03-13,182.59
2018-03-14,180.32
2018-03-15,178.5
2018-03-16,178.65
2018-03-17,178.65
2018-03-18,178.65
2018-03-19,177.32
2018-03-20,175.24
2018-03-21,175.04
2018-03-22,170
2018-03-23,168.39
2018-03-24,168.39
2018-03-25,168.39
2018-03-26,168.07
2018-03-27,173.68
2018-03-28,167.25
2018-03-29,167.805
2018-03-30,167.805
2018-03-31,167.805
2018-04-01,167.805
2018-04-02,167.88
2018-04-03,167.64
2018-04-04,164.88
2018-04-05,172.58
2018-04-06,170.97
2018-04-07,170.97
2018-04-08,170.97
2018-04-09,169.88
2018-04-10,173
2018-04-11,172.23
2018-04-12,173.41
2018-04-13,174.78
2018-04-14,174.78
2018-04-15,174.78
2018-04-16,175.0301
2018-04-17,176.49
2018-04-18,177.81
2018-04-19,174.95
2018-04-20,170.595
2018-04-21,170.595
2018-04-22,170.595
2018-04-23,166.835
2018-04-24,165.67
2018-04-25,162.62
2018-04-26,164.12
2018-04-27,164
2018-04-28,164
2018-04-29,164
2018-04-30,162.13
2018-05-01,166.41
2018-05-02,175.225
2018-05-03,175.88
2018-05-04,178.25
2018-05-05,178.25
2018-05-06,178.25
2018-05-07,185.18
2018-05-08,184.99
2018-05-09,186.55
2018-05-10,187.74
2018-05-11,189.49
2018-05-12,189.49
2018-05-13,189.49
2018-05-14,189.01
2018-05-15,186.78
2018-05-16,186.07
2018-05-17,188
2018-05-18,187.19
2018-05-19,187.19
2018-05-20,187.19
2018-05-21,188
2018-05-22,188.375
2018-05-23,186.35
2018-05-24,188.77
2018-05-25,188.23
2018-05-26,188.23
2018-05-27,188.23
2018-05-28,188.23
2018-05-29,187.6
2018-05-30,187.72
2018-05-31,187.22
2018-06-01,187.991
2018-06-02,187.991
2018-06-03,187.991
2018-06-04,191.635
2018-06-05,193.065
2018-06-06,193.63
2018-06-07,194.14
2018-06-08,191.17
2018-06-09,191.17
2018-06-10,191.17
2018-06-11,191.35
2018-06-12,191.385
2018-06-13,192.42
2018-06-14,191.55
2018-06-15,190.03
2018-06-16,190.03
2018-06-17,190.03
2018-06-18,187.88
2018-06-19,185.14
2018-06-20,186.35
2018-06-21,187.25
2018-06-22,186.12
2018-06-23,186.12
2018-06-24,186.12
2018-06-25,183.4
2018-06-26,182.99
2018-06-27,185.228
2018-06-28,184.1
2018-06-29,186.29
2018-06-30,186.29
2018-07-01,186.29
2018-07-02,183.82
2018-07-03,187.79
2018-07-04,187.79
2018-07-05,185.26
2018-07-06,185.42
2018-07-07,185.42
2018-07-08,185.42
2018-07-09,189.5
2018-07-10,190.71
2018-07-11,188.5
2018-07-12,189.53
2018-07-13,191.08
2018-07-14,191.08
2018-07-15,191.08
2018-07-16,191.52
2018-07-17,189.75
2018-07-18,191.78
2018-07-19,189.69
2018-07-20,191.78
2018-07-21,191.78
2018-07-22,191.78
2018-07-23,190.68
2018-07-24,192.45
2018-07-25,193.06
2018-07-26,194.61
2018-07-27,194.99
2018-07-28,194.99
2018-07-29,194.99
2018-07-30,191.9
2018-07-31,190.3
2018-08-01,199.13
2018-08-02,200.58
2018-08-03,207.03
2018-08-04,207.03
2018-08-05,207.03
2018-08-06,208
2018-08-07,209.32
2018-08-08,206.05
2018-08-09,207.28
2018-08-10,207.36
2018-08-11,207.36
2018-08-12,207.36
2018-08-13,207.7
2018-08-14,210.155
2018-08-15,209.22
2018-08-16,211.75
2018-08-17,213.44
2018-08-18,213.44
2018-08-19,213.44
2018-08-20,218.1
2018-08-21,216.8
2018-08-22,214.1
2018-08-23,214.65
2018-08-24,216.6
2018-08-25,216.6
2018-08-26,216.6
2018-08-27,217.15
2018-08-28,219.01
2018-08-29,220.15
2018-08-30,223.25
2018-08-31,226.51
2018-09-01,226.51
2018-09-02,226.51
2018-09-03,226.51
2018-09-04,228.41
2018-09-05,228.99
2018-09-06,226.23
2018-09-07,221.85
2018-09-08,221.85
2018-09-09,221.85
2018-09-10,220.95
2018-09-11,218.01
2018-09-12,224.94
2018-09-13,223.52
2018-09-14,225.75
2018-09-15,225.75
2018-09-16,225.75
2018-09-17,222.15
2018-09-18,217.79
2018-09-19,218.5
2018-09-20,220.24
2018-09-21,220.78
2018-09-22,220.78
2018-09-23,220.78
2018-09-24,216.82
2018-09-25,219.75
2018-09-26,221
2018-09-27,223.82
2018-09-28,224.79
2018-09-29,224.79
2018-09-30,224.79
2018-10-01,227.95
2018-10-02,227.25
2018-10-03,230.05
2018-10-04,230.78
2018-10-05,227.96
2018-10-06,227.96
2018-10-07,227.96
2018-10-08,222.21
2018-10-09,223.64
2018-10-10,225.46
2018-10-11,214.52
2018-10-12,220.42
2018-10-13,220.42
2018-10-14,220.42
2018-10-15,221.16
2018-10-16,218.93
2018-10-17,222.3
2018-10-18,217.86
2018-10-19,218.06
2018-10-20,218.06
2018-10-21,218.06
2018-10-22,219.79
2018-10-23,215.83
2018-10-24,222.6
2018-10-25,217.71
2018-10-26,215.9
2018-10-27,215.9
2018-10-28,215.9
2018-10-29,219.19
2018-10-30,211.15
2018-10-31,216.88
2018-11-01,219.05
2018-11-02,209.55
2018-11-03,209.55
2018-11-04,209.55
2018-11-05,204.3
2018-11-06,201.92
2018-11-07,205.97
2018-11-08,209.98
2018-11-09,205.55
2018-11-10,205.55
2018-11-11,205.55
2018-11-12,199
2018-11-13,191.63
2018-11-14,193.9
2018-11-15,188.39
2018-11-16,190.5
2018-11-17,190.5
2018-11-18,190.5
2018-11-19,190
2018-11-20,178.37
2018-11-21,179.73
2018-11-22,179.73
2018-11-23,174.94
2018-11-24,174.94
2018-11-25,174.94
2018-11-26,174.24
2018-11-27,171.51
2018-11-28,176.73
2018-11-29,182.66
2018-11-30,180.29
2018-12-01,180.29
2018-12-02,180.29
2018-12-03,184.46
2018-12-04,180.95
2018-12-05,180.95
2018-12-06,171.76
2018-12-07,173.49
2018-12-08,173.49
2018-12-09,173.49
2018-12-10,165
2018-12-11,171.66
2018-12-12,170.4
2018-12-13,170.49
2018-12-14,169
2018-12-15,169
2018-12-16,169
2018-12-17,165.45
2018-12-18,165.38
2018-12-19,166
2018-12-20,160.4
2018-12-21,156.86
2018-12-22,156.86
2018-12-23,156.86
2018-12-24,148.15
2018-12-25,148.15
2018-12-26,148.3
2018-12-27,155.84
2018-12-28,157.5
2018-12-29,157.5
2018-12-30,157.5
2018-12-31,158.53
2019-01-01,158.53
2019-01-02,154.89
2019-01-03,143.98
2019-01-04,144.53
2019-01-05,144.53
2019-01-06,144.53
2019-01-07,148.7
2019-01-08,149.56
2019-01-09,151.29
2019-01-10,152.5
2019-01-11,152.88
2019-01-12,152.88
2019-01-13,152.88
2019-01-14,150.85
2019-01-15,150.27
2019-01-16,153.08
2019-01-17,154.2
2019-01-18,157.5
2019-01-19,157.5
2019-01-20,157.5
2019-01-21,157.5
2019-01-22,156.41
2019-01-23,154.15
2019-01-24,154.11
2019-01-25,155.48
2019-01-26,155.48
2019-01-27,155.48
2019-01-28,155.79
2019-01-29,156.25
2019-01-30,163.25
2019-01-31,166.11
2019-02-01,166.96
2019-02-02,166.96
2019-02-03,166.96
2019-02-04,167.41
2019-02-05,172.86
2019-02-06,174.65
2019-02-07,172.4
2019-02-08,168.99
2019-02-09,168.99
2019-02-10,168.99
2019-02-11,171.05
2019-02-12,170.1
2019-02-13,171.39
2019-02-14,169.71
2019-02-15,171.25
2019-02-16,171.25
2019-02-17,171.25
2019-02-18,171.25
2019-02-19,169.71
2019-02-20,171.19
2019-02-21,171.8
2019-02-22,171.58
2019-02-23,171.58
2019-02-24,171.58
2019-02-25,174.16
2019-02-26,173.71
2019-02-27,173.21
2019-02-28,174.32
2019-03-01,174.28
2019-03-02,174.28
2019-03-03,174.28
2019-03-04,175.69
2019-03-05,175.94
2019-03-06,174.67
2019-03-07,173.87
2019-03-08,170.32
2019-03-09,170.32
2019-03-10,170.32
2019-03-11,175.49
2019-03-12,180
2019-03-13,182.25
2019-03-14,183.9
2019-03-15,184.85
2019-03-16,184.85
2019-03-17,184.85
2019-03-18,185.8
2019-03-19,188.35
2019-03-20,186.23
2019-03-21,190.02
2019-03-22,195.34
2019-03-23,195.34
2019-03-24,195.34
2019-03-25,191.51
2019-03-26,191.664
2019-03-27,188.75
2019-03-28,188.95
2019-03-29,189.83
2019-03-30,189.83
2019-03-31,189.83
2019-04-01,191.64
2019-04-02,191.09
2019-04-03,193.25
2019-04-04,194.79
2019-04-05,196.45
2019-04-06,196.45
2019-04-07,196.45
2019-04-08,196.42
2019-04-09,200.32
2019-04-10,198.68
2019-04-11,200.85
2019-04-12,199.2
2019-04-13,199.2
2019-04-14,199.2
2019-04-15,198.58
2019-04-16,199.46
2019-04-17,199.54
2019-04-18,203.12
2019-04-19,203.12
2019-04-20,203.12
2019-04-21,203.12
2019-04-22,202.83
2019-04-23,204.43
2019-04-24,207.36
2019-04-25,206.83
2019-04-26,204.9
2019-04-27,204.9
2019-04-28,204.9
2019-04-29,204.4
2019-04-30,203.06
2019-05-01,209.88
2019-05-02,209.84
2019-05-03,210.89
2019-05-04,210.89
2019-05-05,210.89
2019-05-06,204.29
2019-05-07,205.88
2019-05-08,201.9
2019-05-09,200.4
2019-05-10,197.419
2019-05-11,197.419
2019-05-12,197.419
2019-05-13,187.71
2019-05-14,186.41
2019-05-15,186.27
2019-05-16,189.91
2019-05-17,186.93
2019-05-18,186.93
2019-05-19,186.93
2019-05-20,183.52
2019-05-21,185.22
2019-05-22,184.66
2019-05-23,179.8
2019-05-24,180.2
2019-05-25,180.2
2019-05-26,180.2
2019-05-27,180.2
2019-05-28,178.92
2019-05-29,176.42
2019-05-30,177.95
2019-05-31,176.23
2019-06-01,176.23
2019-06-02,176.23
2019-06-03,175.6
2019-06-04,175.44
2019-06-05,184.28
2019-06-06,183.08
2019-06-07,186.51
2019-06-08,186.51
2019-06-09,186.51
2019-06-10,191.81
2019-06-11,194.86
2019-06-12,193.95
2019-06-13,194.7
2019-06-14,191.545
2019-06-15,191.545
2019-06-16,191.545
2019-06-17,192.9
2019-06-18,196.05
2019-06-19,199.68
2019-06-20,200.37
2019-06-21,198.8
2019-06-22,198.8
2019-06-23,198.8
2019-06-24,198.54
2019-06-25,198.43
2019-06-26,197.77
2019-06-27,200.29
2019-06-28,198.68
2019-06-29,198.68
2019-06-30,198.68
2019-07-01,203.17
2019-07-02,201.41
2019-07-03,203.28
2019-07-04,203.28
2019-07-05,203.35
2019-07-06,203.35
2019-07-07,203.35
2019-07-08,200.81
2019-07-09,199.2
2019-07-10,201.85
2019-07-11,203.31
2019-07-12,202.45
2019-07-13,202.45
2019-07-14,202.45
2019-07-15,204.09
2019-07-16,204.59
2019-07-17,204.05
2019-07-18,204
2019-07-19,205.79
2019-07-20,205.79
2019-07-21,205.79
2019-07-22,203.65
2019-07-23,208.46
2019-07-24,207.67
2019-07-25,208.89
2019-07-26,207.48
2019-07-27,207.48
2019-07-28,207.48
2019-07-29,208.46
2019-07-30,208.76
2019-07-31,216.42
2019-08-01,213.9
2019-08-02,205.53
2019-08-03,205.53
2019-08-04,205.53
2019-08-05,197.99
2019-08-06,196.31
2019-08-07,195.41
2019-08-08,200.2
2019-08-09,201.3
2019-08-10,201.3
2019-08-11,201.3
2019-08-12,199.62
2019-08-13,201.02
2019-08-14,203.16
2019-08-15,203.46
2019-08-16,204.28
2019-08-17,204.28
2019-08-18,204.28
2019-08-19,210.62
2019-08-20,210.88
2019-08-21,212.99
2019-08-22,213.19
2019-08-23,209.43
2019-08-24,209.43
2019-08-25,209.43
2019-08-26,205.86
2019-08-27,207.86
2019-08-28,204.1
2019-08-29,208.5
2019-08-30,210.16
2019-08-31,210.16
2019-09-01,210.16
2019-09-02,210.16
2019-09-03,206.43
2019-09-04,208.39
2019-09-05,212
2019-09-06,214.05
2019-09-07,214.05
2019-09-08,214.05
2019-09-09,214.84
2019-09-10,213.86
2019-09-11,218.07
2019-09-12,224.8
2019-09-13,220
2019-09-14,220
2019-09-15,220
2019-09-16,217.73
2019-09-17,219.96
2019-09-18,221.06
2019-09-19,222.01
2019-09-20,221.38
2019-09-21,221.38
2019-09-22,221.38
2019-09-23,218.95
2019-09-24,221.03
2019-09-25,218.55
2019-09-26,220
2019-09-27,220.54
2019-09-28,220.54
2019-09-29,220.54
2019-09-30,220.9
2019-10-01,225.07
2019-10-02,223.06
2019-10-03,218.43
2019-10-04,225.64
2019-10-05,225.64
2019-10-06,225.64
2019-10-07,226.27
2019-10-08,225.82
2019-10-09,227.03
2019-10-10,227.93
2019-10-11,232.95
2019-10-12,232.95
2019-10-13,232.95
2019-10-14,234.9
2019-10-15,236.39
2019-10-16,233.37
2019-10-17,235.09
2019-10-18,234.59
2019-10-19,234.59
2019-10-20,234.59
2019-10-21,237.52
2019-10-22,241.16
2019-10-23,242.1
2019-10-24,244.51
2019-10-25,243.16
2019-10-26,243.16
2019-10-27,243.16
2019-10-28,247.42
2019-10-29,248.97
2019-10-30,244.76
2019-10-31,247.24
2019-11-01,249.54
2019-11-02,249.54
2019-11-03,249.54
2019-11-04,257.33
2019-11-05,257.05
2019-11-06,256.77
2019-11-07,258.74
2019-11-08,258.69
2019-11-09,258.69
2019-11-10,258.69
2019-11-11,258.3
2019-11-12,261.55
2019-11-13,261.13
2019-11-14,263.75
2019-11-15,263.68
2019-11-16,263.68
2019-11-17,263.68
2019-11-18,265.8
2019-11-19,267.9
2019-11-20,265.54
2019-11-21,263.69
2019-11-22,262.59
2019-11-23,262.59
2019-11-24,262.59
2019-11-25,262.71
2019-11-26,266.94
2019-11-27,265.58
2019-11-28,265.58
2019-11-29,266.6
2019-11-30,266.6
2019-12-01,266.6
2019-12-02,267.27
2019-12-03,258.31
2019-12-04,261.07
2019-12-05,263.79
2019-12-06,267.48
2019-12-07,267.48
2019-12-08,267.48
2019-12-09,270
2019-12-10,268.6
2019-12-11,268.81
2019-12-12,267.78
2019-12-13,271.46
2019-12-14,271.46
2019-12-15,271.46
2019-12-16,277
2019-12-17,279.57
2019-12-18,279.8
2019-12-19,279.5
2019-12-20,282.23
2019-12-21,282.23
2019-12-22,282.23
2019-12-23,280.53
2019-12-24,284.69
2019-12-25,284.69
2019-12-26,284.82
2019-12-27,291.12
2019-12-28,291.12
2019-12-29,291.12
2019-12-30,289.46
2019-12-31,289.93
2020-01-01,289.93
2020-01-02,296.24
2020-01-03,297.15
2020-01-04,297.15
2020-01-05,297.15
2020-01-06,293.79
2020-01-07,299.84
2020-01-08,297.16
2020-01-09,307.235
2020-01-10,310.6
2020-01-11,310.6
2020-01-12,310.6
2020-01-13,311.64
2020-01-14,316.7
2020-01-15,311.85
2020-01-16,313.59
2020-01-17,316.27
2020-01-18,316.27
2020-01-19,316.27
2020-01-20,316.27
2020-01-21,317.19
2020-01-22,318.58
2020-01-23,317.92
2020-01-24,320.25
2020-01-25,320.25
2020-01-26,320.25
2020-01-27,310.06
2020-01-28,312.6
2020-01-29,324.45
2020-01-30,320.544
2020-01-31,320.93
2020-02-01,320.93
2020-02-02,320.93
2020-02-03,304.3
2020-02-04,315.31
2020-02-05,323.52
2020-02-06,322.57
2020-02-07,322.37
2020-02-08,322.37
2020-02-09,322.37
2020-02-10,314.18
2020-02-11,323.6
2020-02-12,321.47
2020-02-13,324.19
2020-02-14,324.74
2020-02-15,324.74
2020-02-16,324.74
2020-02-17,324.74
2020-02-18,315.36
2020-02-19,320
2020-02-20,322.63
2020-02-21,318.62
2020-02-22,318.62
2020-02-23,318.62
2020-02-24,297.26
2020-02-25,300.95
2020-02-26,286.53
2020-02-27,281.1
2020-02-28,257.26
